sr_no,Practice,Age Group,Youth%,Issue,Family Issues,Pandemic effect,Pour Out%,Referring%,Suicide,Result%
1,2-5 years,35-50 years,Less than 25%,Bipolar Disorder,Between 25% to 50%,No,3,2,No,Less than 25%
2,2-5 years,25-35 years,More than 75%,Stress Issues,Less than 25%,Maybe,3,1,No,More than 75%
3,0-2 years,More than 50 years,More than 75%,Suicidal Thoughts,Less than 25%,Yes,4,4,Yes,Between 25% to 50%
4,More than 10 years,12-18 years,Less than 25%,Anger Issues,Between 25% to 50%,Maybe,3,1,Yes,Between 25% to 50%
5,2-5 years,18-25 years,Less than 25%,Bipolar Disorder,More than 75%,No,1,2,No,Between 25% to 50%
6,2-5 years,More than 50 years,Between 50 to 75%,Suicidal Thoughts,Between 25% to 50%,Yes,1,4,No,Less than 25%
7,0-2 years,More than 50 years,Between 50 to 75%,Anxiety,Less than 25%,Yes,1,3,Yes,Less than 25%
8,More than 10 years,More than 50 years,More than 75%,Depression,Less than 25%,No,1,3,Yes,More than 75%
9,5-10 years,12-18 years,Less than 25%,Stress Issues,More than 75%,No,3,4,No,Between 25% to 50%
10,2-5 years,35-50 years,Between 50 to 75%,Alcohol and Drug Addicts,Between 25% to 50%,Yes,4,4,Yes,Between 50% to 75%
11,More than 10 years,25-35 years,Between 50 to 75%,Bipolar Disorder,Between 25% to 50%,No,2,3,Yes,Between 50% to 75%
12,5-10 years,12-18 years,Less than 25%,Alcohol and Drug Addicts,More than 75%,No,2,2,Yes,Less than 25%
13,0-2 years,25-35 years,Less than 25%,Depression,Between 50% to 75%,Maybe,2,3,No,More than 75%
14,More than 10 years,More than 50 years,Between 50 to 75%,Bipolar Disorder,Between 25% to 50%,Maybe,4,3,Yes,Between 25% to 50%
15,More than 10 years,12-18 years,Between 50 to 75%,Bipolar Disorder,Between 25% to 50%,Yes,1,2,Yes,Less than 25%
16,0-2 years,35-50 years,Less than 25%,Anxiety,More than 75%,Yes,1,2,No,Between 25% to 50%
17,0-2 years,18-25 years,Between 25 to 50%,Alcohol and Drug Addicts,Between 50% to 75%,No,1,4,Yes,More than 75%
18,More than 10 years,12-18 years,Less than 25%,Anxiety,Between 25% to 50%,Yes,4,2,Yes,Between 50% to 75%
19,2-5 years,25-35 years,Between 50 to 75%,Relationship Issue,Between 50% to 75%,No,4,4,Yes,Between 50% to 75%
20,More than 10 years,18-25 years,Between 25 to 50%,Anxiety,Between 25% to 50%,Maybe,2,4,Yes,Less than 25%
21,More than 10 years,12-18 years,Less than 25%,Stress Issues,More than 75%,Yes,3,1,Yes,Less than 25%
22,More than 10 years,35-50 years,Between 50 to 75%,Anxiety,More than 75%,Yes,2,4,No,Less than 25%
23,5-10 years,12-18 years,Between 25 to 50%,Alcohol and Drug Addicts,Less than 25%,Yes,1,1,Yes,More than 75%
24,5-10 years,35-50 years,Between 50 to 75%,Bipolar Disorder,More than 75%,No,2,4,Yes,More than 75%
25,2-5 years,25-35 years,Between 25 to 50%,Depression,Between 25% to 50%,No,1,3,No,Between 25% to 50%
26,More than 10 years,12-18 years,More than 75%,Anxiety,Less than 25%,No,2,4,Yes,Less than 25%
27,0-2 years,More than 50 years,Less than 25%,Depression,Between 50% to 75%,Maybe,1,2,Yes,More than 75%
28,More than 10 years,More than 50 years,Between 25 to 50%,Relationship Issue,Between 25% to 50%,Yes,1,3,Yes,Between 25% to 50%
29,5-10 years,35-50 years,Between 25 to 50%,Bipolar Disorder,Between 25% to 50%,Maybe,3,2,Yes,Between 50% to 75%
30,0-2 years,12-18 years,Between 25 to 50%,Anger Issues,Between 50% to 75%,Maybe,2,2,Yes,Between 50% to 75%
31,2-5 years,18-25 years,More than 75%,Alcohol and Drug Addicts,Between 50% to 75%,Maybe,2,4,No,Less than 25%
32,0-2 years,25-35 years,More than 75%,Stress Issues,Between 50% to 75%,Yes,4,1,No,Less than 25%
33,0-2 years,18-25 years,More than 75%,Suicidal Thoughts,Less than 25%,Yes,3,2,Yes,Less than 25%
34,5-10 years,12-18 years,Less than 25%,Anger Issues,Between 25% to 50%,Maybe,4,4,Yes,More than 75%
35,2-5 years,35-50 years,Less than 25%,Bipolar Disorder,Between 25% to 50%,Yes,3,1,No,More than 75%
36,More than 10 years,35-50 years,Between 25 to 50%,Suicidal Thoughts,More than 75%,No,2,3,Yes,Less than 25%
37,2-5 years,25-35 years,Between 25 to 50%,Bipolar Disorder,Less than 25%,Maybe,2,3,No,Less than 25%
38,0-2 years,35-50 years,Between 25 to 50%,Anxiety,More than 75%,Yes,1,4,Yes,Between 50% to 75%
39,More than 10 years,18-25 years,Less than 25%,Stress Issues,More than 75%,No,3,4,No,Between 50% to 75%
40,5-10 years,25-35 years,Less than 25%,Stress Issues,Between 25% to 50%,Maybe,4,3,Yes,Between 50% to 75%
41,5-10 years,12-18 years,Less than 25%,Relationship Issue,Between 50% to 75%,Yes,3,1,Yes,More than 75%
42,0-2 years,18-25 years,More than 75%,Stress Issues,Between 25% to 50%,Maybe,1,3,Yes,Between 50% to 75%
43,2-5 years,18-25 years,Less than 25%,Suicidal Thoughts,Between 25% to 50%,Maybe,4,4,No,Less than 25%
44,2-5 years,12-18 years,Between 25 to 50%,Stress Issues,Between 25% to 50%,No,4,4,Yes,More than 75%
45,2-5 years,More than 50 years,Less than 25%,Relationship Issue,More than 75%,Yes,2,4,No,More than 75%
46,More than 10 years,12-18 years,Between 25 to 50%,Suicidal Thoughts,Less than 25%,Yes,4,3,Yes,Between 25% to 50%
47,More than 10 years,25-35 years,Between 50 to 75%,Depression,Between 50% to 75%,Yes,4,4,Yes,Between 25% to 50%
48,2-5 years,18-25 years,Less than 25%,Anxiety,More than 75%,No,2,2,Yes,Between 25% to 50%
49,2-5 years,25-35 years,Less than 25%,Suicidal Thoughts,Less than 25%,Maybe,2,4,Yes,Between 25% to 50%
50,2-5 years,25-35 years,More than 75%,Suicidal Thoughts,Between 50% to 75%,Yes,3,2,No,Less than 25%
51,2-5 years,18-25 years,More than 75%,Suicidal Thoughts,Less than 25%,No,4,2,Yes,Between 25% to 50%
52,2-5 years,12-18 years,More than 75%,Depression,More than 75%,Yes,2,1,No,Between 25% to 50%
53,2-5 years,12-18 years,Between 50 to 75%,Relationship Issue,More than 75%,Maybe,2,4,No,More than 75%
54,2-5 years,More than 50 years,More than 75%,Relationship Issue,Less than 25%,Yes,3,2,Yes,More than 75%
55,0-2 years,25-35 years,Between 25 to 50%,Suicidal Thoughts,Less than 25%,No,2,1,No,Less than 25%
56,2-5 years,18-25 years,More than 75%,Anxiety,More than 75%,Yes,4,3,No,More than 75%
57,More than 10 years,18-25 years,Less than 25%,Alcohol and Drug Addicts,Less than 25%,Maybe,1,3,No,Between 50% to 75%
58,5-10 years,12-18 years,Between 50 to 75%,Bipolar Disorder,More than 75%,No,4,3,No,More than 75%
59,More than 10 years,More than 50 years,More than 75%,Alcohol and Drug Addicts,Between 25% to 50%,Yes,3,1,No,More than 75%
60,5-10 years,More than 50 years,Less than 25%,Stress Issues,Less than 25%,Yes,3,3,Yes,Between 50% to 75%
61,5-10 years,18-25 years,Between 25 to 50%,Anger Issues,Between 25% to 50%,No,1,4,Yes,Between 50% to 75%
62,More than 10 years,More than 50 years,Less than 25%,Bipolar Disorder,Less than 25%,No,3,3,Yes,Between 50% to 75%
63,2-5 years,18-25 years,More than 75%,Anxiety,Between 25% to 50%,No,4,4,Yes,Between 25% to 50%
64,0-2 years,35-50 years,More than 75%,Relationship Issue,Between 50% to 75%,No,2,1,Yes,Less than 25%
65,0-2 years,12-18 years,More than 75%,Suicidal Thoughts,Between 50% to 75%,Maybe,4,2,No,More than 75%
66,5-10 years,12-18 years,Between 25 to 50%,Alcohol and Drug Addicts,Less than 25%,Yes,2,4,No,Less than 25%
67,0-2 years,More than 50 years,More than 75%,Alcohol and Drug Addicts,Less than 25%,No,1,1,Yes,Between 50% to 75%
68,5-10 years,35-50 years,More than 75%,Suicidal Thoughts,Less than 25%,Maybe,2,1,No,Between 25% to 50%
69,More than 10 years,18-25 years,More than 75%,Suicidal Thoughts,Less than 25%,Yes,2,3,No,Between 50% to 75%
70,2-5 years,18-25 years,Less than 25%,Anger Issues,Less than 25%,Maybe,3,2,No,More than 75%
71,5-10 years,More than 50 years,More than 75%,Anxiety,More than 75%,Yes,2,3,No,More than 75%
72,5-10 years,More than 50 years,More than 75%,Alcohol and Drug Addicts,Between 50% to 75%,No,1,4,No,More than 75%
73,More than 10 years,12-18 years,Less than 25%,Suicidal Thoughts,Between 50% to 75%,Yes,1,2,Yes,More than 75%
74,More than 10 years,18-25 years,Between 25 to 50%,Anxiety,Less than 25%,No,2,1,Yes,Less than 25%
75,2-5 years,35-50 years,Less than 25%,Depression,Between 25% to 50%,Maybe,4,4,Yes,Between 25% to 50%
76,More than 10 years,18-25 years,Less than 25%,Anger Issues,More than 75%,Maybe,4,4,No,Between 50% to 75%
77,0-2 years,35-50 years,Between 50 to 75%,Alcohol and Drug Addicts,Less than 25%,Yes,3,3,Yes,More than 75%
78,More than 10 years,More than 50 years,Between 50 to 75%,Anger Issues,More than 75%,Maybe,3,1,No,More than 75%
79,2-5 years,25-35 years,Between 50 to 75%,Anxiety,Less than 25%,Maybe,4,4,Yes,Less than 25%
80,2-5 years,25-35 years,Less than 25%,Anger Issues,More than 75%,Maybe,1,4,Yes,Between 25% to 50%
81,More than 10 years,25-35 years,Less than 25%,Stress Issues,Between 50% to 75%,No,2,1,No,More than 75%
82,0-2 years,12-18 years,Between 50 to 75%,Relationship Issue,Between 25% to 50%,Yes,2,2,No,Less than 25%
83,More than 10 years,18-25 years,Less than 25%,Depression,Between 25% to 50%,Maybe,3,1,Yes,More than 75%
84,0-2 years,35-50 years,Less than 25%,Depression,Between 50% to 75%,Yes,3,3,No,Between 25% to 50%
85,2-5 years,12-18 years,Between 25 to 50%,Suicidal Thoughts,Less than 25%,Yes,3,4,No,Between 25% to 50%
86,0-2 years,35-50 years,Between 25 to 50%,Stress Issues,Less than 25%,Maybe,3,4,No,More than 75%
87,More than 10 years,18-25 years,Between 50 to 75%,Anger Issues,Between 25% to 50%,No,1,4,No,More than 75%
88,0-2 years,25-35 years,Between 25 to 50%,Depression,Less than 25%,Maybe,1,4,Yes,Less than 25%
89,More than 10 years,12-18 years,Between 25 to 50%,Anxiety,More than 75%,Yes,3,3,Yes,Between 50% to 75%
90,More than 10 years,18-25 years,Between 25 to 50%,Anger Issues,Between 50% to 75%,No,1,2,Yes,More than 75%
91,2-5 years,35-50 years,Between 25 to 50%,Stress Issues,More than 75%,Maybe,2,4,Yes,Less than 25%
92,2-5 years,25-35 years,More than 75%,Bipolar Disorder,Between 50% to 75%,Maybe,4,1,No,Less than 25%
93,0-2 years,12-18 years,Between 25 to 50%,Alcohol and Drug Addicts,Between 25% to 50%,Yes,1,3,No,More than 75%
94,More than 10 years,18-25 years,Between 25 to 50%,Depression,More than 75%,No,2,2,Yes,More than 75%
95,0-2 years,12-18 years,More than 75%,Suicidal Thoughts,Between 25% to 50%,Maybe,4,1,Yes,Less than 25%
96,2-5 years,18-25 years,More than 75%,Anger Issues,Less than 25%,No,2,3,No,Between 50% to 75%
97,0-2 years,25-35 years,More than 75%,Anxiety,Between 50% to 75%,Maybe,4,4,No,Between 50% to 75%
98,2-5 years,12-18 years,More than 75%,Alcohol and Drug Addicts,Less than 25%,Maybe,3,3,No,More than 75%
99,2-5 years,More than 50 years,Between 50 to 75%,Stress Issues,More than 75%,No,3,3,Yes,More than 75%
100,5-10 years,12-18 years,More than 75%,Anxiety,More than 75%,Yes,4,3,Yes,Between 25% to 50%
101,2-5 years,More than 50 years,Between 50 to 75%,Relationship Issue,Between 25% to 50%,No,2,2,Yes,Between 50% to 75%
102,2-5 years,25-35 years,More than 75%,Anxiety,Less than 25%,Maybe,2,1,Yes,Between 50% to 75%
103,0-2 years,18-25 years,Less than 25%,Relationship Issue,Between 50% to 75%,Maybe,4,1,Yes,More than 75%
104,0-2 years,18-25 years,Less than 25%,Anger Issues,Between 25% to 50%,No,3,4,Yes,More than 75%
105,2-5 years,More than 50 years,More than 75%,Stress Issues,Less than 25%,Maybe,3,1,No,Less than 25%
106,0-2 years,25-35 years,More than 75%,Alcohol and Drug Addicts,Between 25% to 50%,No,4,2,No,Between 50% to 75%
107,2-5 years,12-18 years,More than 75%,Suicidal Thoughts,More than 75%,Maybe,4,4,Yes,More than 75%
108,More than 10 years,25-35 years,Between 25 to 50%,Alcohol and Drug Addicts,More than 75%,Yes,2,4,Yes,Between 25% to 50%
109,More than 10 years,18-25 years,Between 50 to 75%,Anger Issues,Between 50% to 75%,Yes,4,4,No,Between 25% to 50%
110,5-10 years,25-35 years,More than 75%,Depression,Between 50% to 75%,Maybe,4,3,No,Between 25% to 50%
111,More than 10 years,12-18 years,Between 50 to 75%,Depression,Less than 25%,No,2,1,No,Between 50% to 75%
112,2-5 years,35-50 years,Less than 25%,Anger Issues,Between 50% to 75%,Yes,2,1,No,Between 25% to 50%
113,0-2 years,35-50 years,Less than 25%,Alcohol and Drug Addicts,Less than 25%,Yes,1,3,No,Less than 25%
114,0-2 years,12-18 years,Less than 25%,Alcohol and Drug Addicts,More than 75%,Yes,3,2,Yes,Less than 25%
115,0-2 years,35-50 years,Between 50 to 75%,Relationship Issue,Between 25% to 50%,No,1,3,No,Between 50% to 75%
116,2-5 years,35-50 years,Less than 25%,Alcohol and Drug Addicts,Between 50% to 75%,Yes,2,2,Yes,Between 25% to 50%
117,More than 10 years,12-18 years,Less than 25%,Bipolar Disorder,More than 75%,No,1,1,Yes,Between 50% to 75%
118,5-10 years,More than 50 years,More than 75%,Depression,More than 75%,Yes,1,2,Yes,Less than 25%
119,2-5 years,25-35 years,More than 75%,Anxiety,Between 50% to 75%,No,1,4,No,Between 25% to 50%
120,0-2 years,12-18 years,Between 25 to 50%,Anger Issues,Between 50% to 75%,No,3,4,No,Less than 25%
121,More than 10 years,More than 50 years,Between 50 to 75%,Depression,More than 75%,Maybe,2,1,Yes,Between 25% to 50%
122,2-5 years,35-50 years,Less than 25%,Alcohol and Drug Addicts,Between 50% to 75%,Maybe,4,2,No,Between 25% to 50%
123,More than 10 years,12-18 years,Between 25 to 50%,Stress Issues,More than 75%,Yes,2,1,No,Between 25% to 50%
124,2-5 years,12-18 years,Between 50 to 75%,Bipolar Disorder,Less than 25%,Maybe,2,2,No,Less than 25%
125,0-2 years,35-50 years,More than 75%,Alcohol and Drug Addicts,More than 75%,Maybe,3,4,No,Between 50% to 75%
126,5-10 years,25-35 years,Between 25 to 50%,Anger Issues,Between 25% to 50%,Yes,3,1,No,Between 50% to 75%
127,0-2 years,18-25 years,Between 25 to 50%,Anger Issues,Between 25% to 50%,No,3,1,Yes,Less than 25%
128,More than 10 years,18-25 years,Between 50 to 75%,Stress Issues,Between 25% to 50%,No,4,4,Yes,Between 25% to 50%
129,5-10 years,More than 50 years,More than 75%,Anxiety,Between 50% to 75%,Maybe,2,4,Yes,More than 75%
130,2-5 years,More than 50 years,Less than 25%,Alcohol and Drug Addicts,Between 25% to 50%,Yes,2,4,Yes,More than 75%
131,2-5 years,35-50 years,Between 50 to 75%,Anxiety,Between 50% to 75%,Maybe,4,1,No,Between 25% to 50%
132,More than 10 years,25-35 years,Less than 25%,Alcohol and Drug Addicts,Between 50% to 75%,Yes,1,3,No,Between 50% to 75%
133,5-10 years,25-35 years,Between 50 to 75%,Anger Issues,More than 75%,Yes,2,3,Yes,Between 50% to 75%
134,2-5 years,12-18 years,Between 25 to 50%,Bipolar Disorder,Between 25% to 50%,Maybe,2,1,Yes,Less than 25%
135,2-5 years,35-50 years,Between 25 to 50%,Bipolar Disorder,Between 50% to 75%,No,4,2,No,Between 50% to 75%
136,More than 10 years,12-18 years,Between 50 to 75%,Suicidal Thoughts,Less than 25%,Maybe,2,1,Yes,Less than 25%
137,5-10 years,12-18 years,Between 50 to 75%,Anxiety,More than 75%,Maybe,2,4,Yes,Less than 25%
138,2-5 years,More than 50 years,More than 75%,Suicidal Thoughts,Between 50% to 75%,Yes,1,2,Yes,Between 50% to 75%
139,5-10 years,35-50 years,Between 25 to 50%,Bipolar Disorder,Between 50% to 75%,Maybe,4,4,No,More than 75%
140,5-10 years,35-50 years,Between 25 to 50%,Relationship Issue,Between 25% to 50%,No,4,4,No,Between 25% to 50%
141,More than 10 years,More than 50 years,Less than 25%,Alcohol and Drug Addicts,More than 75%,Yes,4,1,No,More than 75%
142,5-10 years,35-50 years,Between 25 to 50%,Anxiety,More than 75%,Maybe,4,2,No,Less than 25%
143,2-5 years,More than 50 years,Between 50 to 75%,Relationship Issue,More than 75%,Maybe,3,2,No,More than 75%
144,0-2 years,35-50 years,More than 75%,Bipolar Disorder,Between 50% to 75%,Yes,3,4,Yes,Between 25% to 50%
145,0-2 years,25-35 years,Between 25 to 50%,Anxiety,Between 50% to 75%,No,1,1,Yes,Between 50% to 75%
146,0-2 years,12-18 years,Less than 25%,Alcohol and Drug Addicts,Between 50% to 75%,Yes,1,4,Yes,More than 75%
147,5-10 years,35-50 years,More than 75%,Alcohol and Drug Addicts,Less than 25%,No,4,1,Yes,More than 75%
148,More than 10 years,More than 50 years,Between 25 to 50%,Depression,Between 50% to 75%,No,4,4,Yes,Between 25% to 50%
149,2-5 years,18-25 years,More than 75%,Stress Issues,Between 50% to 75%,Yes,3,1,No,More than 75%
150,More than 10 years,12-18 years,Between 25 to 50%,Suicidal Thoughts,More than 75%,Maybe,2,3,Yes,Between 25% to 50%
151,0-2 years,More than 50 years,Less than 25%,Depression,Less than 25%,No,3,2,Yes,Between 25% to 50%
152,5-10 years,More than 50 years,More than 75%,Anxiety,Between 50% to 75%,No,1,1,No,Between 50% to 75%
153,0-2 years,35-50 years,Less than 25%,Relationship Issue,Between 25% to 50%,No,1,3,No,Between 25% to 50%
154,0-2 years,18-25 years,Between 25 to 50%,Suicidal Thoughts,Between 25% to 50%,Maybe,4,4,Yes,Between 50% to 75%
155,5-10 years,More than 50 years,More than 75%,Anger Issues,Between 50% to 75%,Yes,1,1,Yes,Between 50% to 75%
156,5-10 years,18-25 years,More than 75%,Bipolar Disorder,Between 50% to 75%,Maybe,4,3,No,Less than 25%
157,More than 10 years,35-50 years,Between 25 to 50%,Alcohol and Drug Addicts,More than 75%,No,2,2,Yes,Less than 25%
158,2-5 years,35-50 years,More than 75%,Suicidal Thoughts,Between 50% to 75%,No,3,2,No,Between 25% to 50%
159,0-2 years,12-18 years,Between 50 to 75%,Alcohol and Drug Addicts,Between 25% to 50%,Maybe,2,2,Yes,Between 50% to 75%
160,0-2 years,More than 50 years,More than 75%,Depression,Between 25% to 50%,Yes,1,1,Yes,More than 75%
161,0-2 years,12-18 years,Between 50 to 75%,Alcohol and Drug Addicts,Less than 25%,Maybe,4,4,Yes,Between 25% to 50%
162,More than 10 years,18-25 years,More than 75%,Relationship Issue,Between 25% to 50%,Yes,1,3,No,Between 25% to 50%
163,5-10 years,18-25 years,More than 75%,Bipolar Disorder,More than 75%,Yes,4,2,No,Between 50% to 75%
164,0-2 years,More than 50 years,Between 50 to 75%,Depression,Less than 25%,Maybe,3,2,Yes,Less than 25%
165,0-2 years,35-50 years,Between 50 to 75%,Bipolar Disorder,More than 75%,Yes,4,4,Yes,Less than 25%
166,2-5 years,12-18 years,Between 50 to 75%,Bipolar Disorder,Less than 25%,No,1,2,No,Less than 25%
167,2-5 years,35-50 years,Between 50 to 75%,Depression,Between 25% to 50%,Maybe,4,4,No,Less than 25%
168,More than 10 years,12-18 years,Between 50 to 75%,Depression,More than 75%,Yes,2,3,Yes,Between 25% to 50%
169,5-10 years,12-18 years,Between 25 to 50%,Bipolar Disorder,More than 75%,No,2,4,Yes,Less than 25%
170,2-5 years,More than 50 years,Less than 25%,Depression,More than 75%,No,1,4,No,Between 25% to 50%
171,2-5 years,35-50 years,Between 50 to 75%,Bipolar Disorder,Between 50% to 75%,Maybe,4,1,Yes,More than 75%
172,2-5 years,35-50 years,Less than 25%,Alcohol and Drug Addicts,Between 25% to 50%,Yes,3,3,Yes,Between 25% to 50%
173,0-2 years,25-35 years,More than 75%,Stress Issues,Less than 25%,Maybe,2,3,Yes,More than 75%
174,5-10 years,25-35 years,Less than 25%,Anxiety,Less than 25%,No,4,1,No,Less than 25%
175,More than 10 years,More than 50 years,Between 25 to 50%,Anger Issues,More than 75%,Maybe,1,3,Yes,Less than 25%
176,2-5 years,More than 50 years,Between 50 to 75%,Bipolar Disorder,Less than 25%,Maybe,1,2,Yes,More than 75%
177,5-10 years,18-25 years,Between 25 to 50%,Relationship Issue,Between 25% to 50%,Maybe,3,4,No,Between 25% to 50%
178,5-10 years,18-25 years,Between 50 to 75%,Suicidal Thoughts,Between 25% to 50%,Yes,1,1,No,Between 50% to 75%
179,2-5 years,35-50 years,More than 75%,Anxiety,Between 50% to 75%,Maybe,2,1,No,Less than 25%
180,2-5 years,12-18 years,Between 25 to 50%,Stress Issues,Between 50% to 75%,Maybe,3,1,Yes,Between 25% to 50%
181,0-2 years,12-18 years,Between 25 to 50%,Stress Issues,Between 50% to 75%,No,4,4,Yes,Between 50% to 75%
182,5-10 years,35-50 years,More than 75%,Suicidal Thoughts,Between 50% to 75%,Yes,1,1,No,Between 25% to 50%
183,More than 10 years,18-25 years,Between 50 to 75%,Anxiety,Between 50% to 75%,No,3,2,Yes,Between 50% to 75%
184,5-10 years,More than 50 years,Between 25 to 50%,Alcohol and Drug Addicts,Between 25% to 50%,Yes,1,2,No,Between 25% to 50%
185,5-10 years,35-50 years,More than 75%,Anger Issues,Between 50% to 75%,Yes,2,1,No,Between 25% to 50%
186,More than 10 years,More than 50 years,Between 50 to 75%,Anger Issues,Less than 25%,No,2,3,No,More than 75%
187,5-10 years,12-18 years,Less than 25%,Suicidal Thoughts,More than 75%,No,3,4,No,Less than 25%
188,2-5 years,25-35 years,More than 75%,Stress Issues,Between 50% to 75%,Yes,2,1,Yes,Less than 25%
189,2-5 years,25-35 years,More than 75%,Anger Issues,Between 25% to 50%,Yes,2,1,Yes,Between 25% to 50%
190,5-10 years,25-35 years,Less than 25%,Depression,Less than 25%,Maybe,2,3,No,Between 25% to 50%
191,0-2 years,18-25 years,More than 75%,Suicidal Thoughts,More than 75%,No,1,3,No,Between 50% to 75%
192,2-5 years,35-50 years,Between 25 to 50%,Anxiety,Between 50% to 75%,Maybe,2,3,Yes,Less than 25%
193,More than 10 years,18-25 years,More than 75%,Relationship Issue,Less than 25%,No,3,4,No,Between 25% to 50%
194,5-10 years,25-35 years,Between 25 to 50%,Suicidal Thoughts,More than 75%,No,4,2,No,Between 25% to 50%
195,0-2 years,12-18 years,Between 25 to 50%,Relationship Issue,More than 75%,No,3,2,Yes,Less than 25%
196,More than 10 years,35-50 years,Between 50 to 75%,Relationship Issue,More than 75%,Maybe,1,3,Yes,Less than 25%
197,5-10 years,18-25 years,Between 25 to 50%,Anxiety,Between 25% to 50%,Maybe,4,1,Yes,Less than 25%
198,2-5 years,25-35 years,More than 75%,Stress Issues,More than 75%,No,4,1,No,Less than 25%
199,More than 10 years,12-18 years,Between 50 to 75%,Suicidal Thoughts,Less than 25%,No,4,2,Yes,More than 75%
200,0-2 years,35-50 years,More than 75%,Stress Issues,Between 50% to 75%,Yes,3,1,No,Between 50% to 75%
201,5-10 years,35-50 years,Between 25 to 50%,Depression,More than 75%,No,3,3,Yes,Between 25% to 50%
202,More than 10 years,35-50 years,Between 50 to 75%,Bipolar Disorder,More than 75%,Yes,4,4,No,Less than 25%
203,5-10 years,18-25 years,Between 25 to 50%,Alcohol and Drug Addicts,Between 50% to 75%,Maybe,3,3,Yes,Between 25% to 50%
204,More than 10 years,12-18 years,Between 25 to 50%,Suicidal Thoughts,Less than 25%,Yes,1,4,Yes,Between 25% to 50%
205,More than 10 years,12-18 years,More than 75%,Bipolar Disorder,Less than 25%,Yes,4,3,No,Less than 25%
206,0-2 years,More than 50 years,Less than 25%,Anger Issues,Between 50% to 75%,Maybe,2,2,Yes,More than 75%
207,2-5 years,More than 50 years,More than 75%,Relationship Issue,Between 25% to 50%,Yes,2,3,No,Between 50% to 75%
208,More than 10 years,35-50 years,Between 25 to 50%,Suicidal Thoughts,Between 50% to 75%,No,2,4,Yes,Between 50% to 75%
209,5-10 years,12-18 years,Less than 25%,Relationship Issue,More than 75%,No,3,3,Yes,Between 25% to 50%
210,0-2 years,18-25 years,More than 75%,Depression,Less than 25%,No,2,1,No,Less than 25%
211,0-2 years,12-18 years,Between 25 to 50%,Anxiety,More than 75%,No,3,2,No,Between 25% to 50%
212,5-10 years,25-35 years,Between 25 to 50%,Alcohol and Drug Addicts,Between 25% to 50%,Maybe,3,1,No,Between 25% to 50%
213,0-2 years,35-50 years,Between 50 to 75%,Anger Issues,Between 25% to 50%,Maybe,1,1,Yes,Less than 25%
214,2-5 years,35-50 years,More than 75%,Stress Issues,More than 75%,Maybe,1,3,No,More than 75%
215,5-10 years,12-18 years,Less than 25%,Depression,Between 50% to 75%,No,4,2,No,Between 50% to 75%
216,More than 10 years,More than 50 years,Between 50 to 75%,Anger Issues,Between 50% to 75%,No,1,1,No,Between 25% to 50%
217,0-2 years,More than 50 years,Between 50 to 75%,Relationship Issue,Less than 25%,No,2,3,Yes,Less than 25%
218,More than 10 years,25-35 years,Between 50 to 75%,Stress Issues,Less than 25%,Yes,2,4,Yes,Between 25% to 50%
219,5-10 years,25-35 years,Between 50 to 75%,Bipolar Disorder,Between 50% to 75%,Maybe,1,4,No,Between 50% to 75%
220,2-5 years,25-35 years,Between 50 to 75%,Depression,Between 50% to 75%,Maybe,1,1,Yes,Between 25% to 50%
221,5-10 years,12-18 years,Less than 25%,Bipolar Disorder,Less than 25%,Maybe,1,4,No,Less than 25%
222,More than 10 years,25-35 years,Between 50 to 75%,Suicidal Thoughts,Less than 25%,Yes,3,2,Yes,Between 25% to 50%
223,2-5 years,35-50 years,More than 75%,Alcohol and Drug Addicts,Between 25% to 50%,Maybe,2,1,No,Between 25% to 50%
224,More than 10 years,35-50 years,Between 25 to 50%,Stress Issues,More than 75%,No,1,4,Yes,Less than 25%
225,2-5 years,12-18 years,Between 25 to 50%,Bipolar Disorder,Between 25% to 50%,No,3,4,No,More than 75%
226,5-10 years,25-35 years,More than 75%,Anger Issues,Between 25% to 50%,No,4,1,No,Between 50% to 75%
227,0-2 years,18-25 years,Between 25 to 50%,Anger Issues,Less than 25%,Maybe,4,1,No,Less than 25%
228,2-5 years,18-25 years,Less than 25%,Alcohol and Drug Addicts,Between 25% to 50%,No,2,2,Yes,Less than 25%
229,0-2 years,12-18 years,Less than 25%,Suicidal Thoughts,Between 25% to 50%,Maybe,4,1,Yes,More than 75%
230,0-2 years,35-50 years,More than 75%,Alcohol and Drug Addicts,Less than 25%,Maybe,3,3,Yes,More than 75%
231,2-5 years,18-25 years,More than 75%,Anger Issues,More than 75%,No,4,1,Yes,Between 50% to 75%
232,More than 10 years,25-35 years,Between 25 to 50%,Depression,Less than 25%,Yes,1,1,No,Between 50% to 75%
233,5-10 years,18-25 years,Between 25 to 50%,Depression,Between 25% to 50%,Maybe,4,1,No,Between 25% to 50%
234,5-10 years,25-35 years,Less than 25%,Depression,More than 75%,Yes,1,3,No,Between 50% to 75%
235,0-2 years,18-25 years,More than 75%,Bipolar Disorder,Less than 25%,Yes,2,1,Yes,Between 25% to 50%
236,5-10 years,More than 50 years,Between 50 to 75%,Stress Issues,More than 75%,No,2,2,No,More than 75%
237,5-10 years,18-25 years,Less than 25%,Relationship Issue,More than 75%,Maybe,3,1,No,Between 25% to 50%
238,5-10 years,More than 50 years,More than 75%,Alcohol and Drug Addicts,Between 25% to 50%,Maybe,3,3,No,Between 50% to 75%
239,More than 10 years,35-50 years,Less than 25%,Alcohol and Drug Addicts,Between 50% to 75%,Maybe,3,3,No,Less than 25%
240,0-2 years,25-35 years,Less than 25%,Relationship Issue,Between 50% to 75%,Maybe,1,4,No,More than 75%
241,More than 10 years,25-35 years,Between 50 to 75%,Anger Issues,Between 50% to 75%,Maybe,1,2,No,More than 75%
242,0-2 years,12-18 years,More than 75%,Anger Issues,More than 75%,Yes,3,1,Yes,Between 25% to 50%
243,5-10 years,More than 50 years,Between 25 to 50%,Bipolar Disorder,Less than 25%,No,2,1,No,Between 25% to 50%
244,5-10 years,12-18 years,Between 50 to 75%,Anger Issues,More than 75%,No,2,2,Yes,Between 50% to 75%
245,More than 10 years,More than 50 years,More than 75%,Stress Issues,Between 25% to 50%,Maybe,1,4,Yes,Between 25% to 50%
246,5-10 years,35-50 years,Between 50 to 75%,Relationship Issue,Less than 25%,Maybe,2,1,No,Between 25% to 50%
247,2-5 years,More than 50 years,Between 25 to 50%,Stress Issues,Less than 25%,Yes,2,1,Yes,Between 25% to 50%
248,0-2 years,More than 50 years,Between 25 to 50%,Anger Issues,Less than 25%,Yes,3,3,Yes,More than 75%
249,5-10 years,18-25 years,Between 25 to 50%,Anger Issues,Between 25% to 50%,Maybe,2,4,Yes,Between 50% to 75%
250,2-5 years,25-35 years,Between 25 to 50%,Depression,Between 25% to 50%,No,2,4,Yes,More than 75%
251,5-10 years,25-35 years,Between 25 to 50%,Relationship Issue,Between 50% to 75%,No,3,4,Yes,More than 75%
252,5-10 years,18-25 years,Less than 25%,Suicidal Thoughts,Less than 25%,Maybe,4,3,No,More than 75%
253,5-10 years,35-50 years,Between 50 to 75%,Relationship Issue,More than 75%,No,1,1,Yes,Between 50% to 75%
254,0-2 years,More than 50 years,Less than 25%,Depression,Less than 25%,Maybe,2,2,Yes,More than 75%
255,2-5 years,More than 50 years,Less than 25%,Anger Issues,Less than 25%,Maybe,2,4,Yes,Less than 25%
256,2-5 years,25-35 years,More than 75%,Bipolar Disorder,Between 25% to 50%,No,4,4,Yes,Between 50% to 75%
257,0-2 years,25-35 years,More than 75%,Suicidal Thoughts,More than 75%,Yes,3,4,Yes,Between 25% to 50%
258,5-10 years,25-35 years,Between 25 to 50%,Anxiety,More than 75%,Maybe,2,3,No,Between 25% to 50%
259,0-2 years,12-18 years,Between 25 to 50%,Anxiety,More than 75%,Maybe,4,4,No,Between 25% to 50%
260,5-10 years,35-50 years,Less than 25%,Relationship Issue,More than 75%,Maybe,4,4,Yes,More than 75%
261,0-2 years,More than 50 years,More than 75%,Relationship Issue,Between 50% to 75%,No,1,2,No,Between 25% to 50%
262,More than 10 years,18-25 years,More than 75%,Stress Issues,Between 50% to 75%,Yes,3,3,Yes,Less than 25%
263,2-5 years,18-25 years,Between 50 to 75%,Anger Issues,Between 50% to 75%,No,1,2,No,Less than 25%
264,0-2 years,18-25 years,Less than 25%,Depression,Between 25% to 50%,Maybe,1,1,Yes,Less than 25%
265,2-5 years,12-18 years,Between 25 to 50%,Depression,Between 50% to 75%,No,1,4,Yes,More than 75%
266,0-2 years,12-18 years,Less than 25%,Alcohol and Drug Addicts,More than 75%,No,3,4,No,More than 75%
267,More than 10 years,18-25 years,More than 75%,Anxiety,Between 25% to 50%,Yes,4,2,Yes,Between 25% to 50%
268,5-10 years,35-50 years,More than 75%,Suicidal Thoughts,Between 25% to 50%,No,3,3,No,More than 75%
269,0-2 years,More than 50 years,Less than 25%,Suicidal Thoughts,Between 25% to 50%,Yes,3,3,No,Less than 25%
270,5-10 years,More than 50 years,Between 50 to 75%,Suicidal Thoughts,Between 50% to 75%,Yes,1,4,Yes,Between 25% to 50%
271,0-2 years,18-25 years,More than 75%,Anger Issues,Less than 25%,No,3,3,No,Between 50% to 75%
272,5-10 years,25-35 years,Less than 25%,Suicidal Thoughts,More than 75%,Maybe,2,3,Yes,Between 50% to 75%
273,2-5 years,12-18 years,Between 50 to 75%,Stress Issues,Between 50% to 75%,No,1,2,Yes,Between 25% to 50%
274,5-10 years,18-25 years,Between 50 to 75%,Alcohol and Drug Addicts,Less than 25%,Yes,4,1,Yes,Between 50% to 75%
275,More than 10 years,35-50 years,More than 75%,Alcohol and Drug Addicts,Less than 25%,Maybe,2,1,No,Less than 25%
276,More than 10 years,More than 50 years,Between 50 to 75%,Bipolar Disorder,Between 50% to 75%,Maybe,4,4,Yes,Between 50% to 75%
277,0-2 years,12-18 years,Between 50 to 75%,Stress Issues,Between 50% to 75%,No,3,4,Yes,Between 50% to 75%
278,5-10 years,More than 50 years,Between 25 to 50%,Stress Issues,More than 75%,No,2,3,No,Less than 25%
279,0-2 years,12-18 years,Less than 25%,Suicidal Thoughts,Less than 25%,Yes,1,3,No,Between 50% to 75%
280,0-2 years,18-25 years,More than 75%,Stress Issues,Between 25% to 50%,Yes,1,4,Yes,More than 75%
281,0-2 years,18-25 years,More than 75%,Anger Issues,Between 25% to 50%,Maybe,4,1,Yes,Less than 25%
282,2-5 years,35-50 years,Less than 25%,Suicidal Thoughts,More than 75%,Yes,4,1,No,Less than 25%
283,5-10 years,18-25 years,More than 75%,Bipolar Disorder,Less than 25%,Yes,3,2,Yes,Between 50% to 75%
284,5-10 years,12-18 years,Between 50 to 75%,Relationship Issue,Between 25% to 50%,Yes,3,2,No,Between 25% to 50%
285,More than 10 years,12-18 years,More than 75%,Bipolar Disorder,Between 25% to 50%,Yes,3,1,No,Between 25% to 50%
286,More than 10 years,25-35 years,More than 75%,Anger Issues,Between 50% to 75%,No,1,1,Yes,Between 50% to 75%
287,5-10 years,More than 50 years,Between 50 to 75%,Anger Issues,Between 50% to 75%,Maybe,4,2,Yes,Less than 25%
288,2-5 years,25-35 years,Between 25 to 50%,Stress Issues,Between 50% to 75%,Yes,2,2,No,More than 75%
289,2-5 years,12-18 years,More than 75%,Stress Issues,Between 25% to 50%,Maybe,2,1,Yes,More than 75%
290,More than 10 years,More than 50 years,Between 50 to 75%,Alcohol and Drug Addicts,Between 25% to 50%,No,2,4,Yes,Less than 25%
291,More than 10 years,12-18 years,Less than 25%,Anger Issues,More than 75%,No,4,1,Yes,More than 75%
292,0-2 years,12-18 years,Between 50 to 75%,Stress Issues,Less than 25%,No,1,2,Yes,Between 50% to 75%
293,More than 10 years,12-18 years,More than 75%,Anxiety,Between 50% to 75%,Yes,3,3,No,Between 50% to 75%
294,2-5 years,35-50 years,More than 75%,Stress Issues,More than 75%,No,1,1,Yes,More than 75%
295,0-2 years,18-25 years,Between 50 to 75%,Alcohol and Drug Addicts,Less than 25%,Yes,1,2,No,Less than 25%
296,5-10 years,35-50 years,Between 25 to 50%,Depression,More than 75%,Maybe,2,4,No,Between 25% to 50%
297,5-10 years,25-35 years,More than 75%,Relationship Issue,Less than 25%,No,1,2,Yes,More than 75%
298,More than 10 years,12-18 years,Between 25 to 50%,Relationship Issue,Between 50% to 75%,Yes,3,2,Yes,More than 75%
299,More than 10 years,18-25 years,Between 50 to 75%,Relationship Issue,Less than 25%,No,2,4,No,More than 75%
300,5-10 years,18-25 years,Less than 25%,Bipolar Disorder,Between 50% to 75%,Yes,1,3,Yes,Between 25% to 50%
301,5-10 years,12-18 years,Less than 25%,Depression,Between 50% to 75%,Maybe,2,2,No,Between 25% to 50%
302,2-5 years,12-18 years,More than 75%,Stress Issues,More than 75%,No,2,1,No,More than 75%
303,More than 10 years,35-50 years,More than 75%,Relationship Issue,Between 50% to 75%,No,1,2,No,Less than 25%
304,More than 10 years,18-25 years,Less than 25%,Alcohol and Drug Addicts,Between 25% to 50%,Maybe,3,4,Yes,More than 75%
305,2-5 years,12-18 years,Between 50 to 75%,Suicidal Thoughts,Between 50% to 75%,Maybe,4,4,Yes,More than 75%
306,5-10 years,12-18 years,Between 25 to 50%,Suicidal Thoughts,Less than 25%,Yes,3,3,No,Less than 25%
307,2-5 years,35-50 years,Between 25 to 50%,Bipolar Disorder,Between 50% to 75%,Yes,1,2,No,More than 75%
308,2-5 years,More than 50 years,Less than 25%,Stress Issues,More than 75%,No,3,4,Yes,More than 75%
309,2-5 years,35-50 years,Between 50 to 75%,Bipolar Disorder,Less than 25%,Yes,4,4,Yes,Between 25% to 50%
310,5-10 years,25-35 years,Between 50 to 75%,Relationship Issue,Less than 25%,Yes,3,2,Yes,Less than 25%
311,0-2 years,35-50 years,More than 75%,Anxiety,More than 75%,No,1,4,Yes,Between 50% to 75%
312,2-5 years,12-18 years,Between 50 to 75%,Relationship Issue,More than 75%,Yes,3,1,No,Between 25% to 50%
313,0-2 years,25-35 years,Less than 25%,Anxiety,Between 50% to 75%,Yes,2,4,No,Less than 25%
314,More than 10 years,12-18 years,More than 75%,Relationship Issue,Between 50% to 75%,Maybe,2,2,No,Between 25% to 50%
315,2-5 years,More than 50 years,Between 25 to 50%,Anger Issues,Between 50% to 75%,Maybe,4,1,Yes,Between 25% to 50%
316,0-2 years,18-25 years,More than 75%,Stress Issues,Less than 25%,Maybe,1,3,Yes,Less than 25%
317,0-2 years,12-18 years,Less than 25%,Suicidal Thoughts,Between 25% to 50%,Maybe,3,4,Yes,Between 25% to 50%
318,0-2 years,More than 50 years,Between 25 to 50%,Stress Issues,Less than 25%,Maybe,2,2,No,Between 50% to 75%
319,0-2 years,25-35 years,Between 50 to 75%,Anxiety,Between 50% to 75%,Maybe,1,1,No,More than 75%
320,0-2 years,35-50 years,Between 50 to 75%,Alcohol and Drug Addicts,Less than 25%,Maybe,3,1,Yes,Between 50% to 75%
321,0-2 years,25-35 years,Between 50 to 75%,Relationship Issue,Between 50% to 75%,No,3,1,No,More than 75%
322,2-5 years,18-25 years,More than 75%,Depression,Less than 25%,Yes,4,2,Yes,Between 50% to 75%
323,5-10 years,More than 50 years,Between 50 to 75%,Anger Issues,More than 75%,Yes,1,4,No,Less than 25%
324,0-2 years,25-35 years,Less than 25%,Depression,Between 25% to 50%,Yes,4,3,Yes,More than 75%
325,0-2 years,More than 50 years,Less than 25%,Stress Issues,More than 75%,No,1,4,Yes,Less than 25%
326,More than 10 years,More than 50 years,Between 50 to 75%,Alcohol and Drug Addicts,Between 25% to 50%,Yes,4,2,No,Between 50% to 75%
327,2-5 years,18-25 years,More than 75%,Anxiety,Between 25% to 50%,No,4,2,Yes,Between 25% to 50%
328,0-2 years,12-18 years,More than 75%,Stress Issues,Less than 25%,Maybe,4,2,Yes,Less than 25%
329,5-10 years,18-25 years,Less than 25%,Stress Issues,Less than 25%,Yes,4,2,No,Between 25% to 50%
330,0-2 years,25-35 years,More than 75%,Relationship Issue,Between 25% to 50%,No,4,1,Yes,More than 75%
331,0-2 years,25-35 years,Between 25 to 50%,Bipolar Disorder,Between 25% to 50%,Maybe,2,2,Yes,Between 50% to 75%
332,5-10 years,25-35 years,Between 50 to 75%,Bipolar Disorder,Between 25% to 50%,Maybe,3,4,Yes,Less than 25%
333,More than 10 years,18-25 years,Between 25 to 50%,Bipolar Disorder,More than 75%,No,1,1,Yes,Less than 25%
334,More than 10 years,More than 50 years,Between 25 to 50%,Stress Issues,Less than 25%,Maybe,2,4,Yes,More than 75%
335,5-10 years,25-35 years,Between 25 to 50%,Suicidal Thoughts,Less than 25%,No,1,4,Yes,Between 50% to 75%
336,0-2 years,18-25 years,Less than 25%,Depression,Between 25% to 50%,Yes,4,3,No,More than 75%
337,More than 10 years,More than 50 years,More than 75%,Stress Issues,Less than 25%,Maybe,2,1,Yes,Less than 25%
338,2-5 years,35-50 years,Less than 25%,Suicidal Thoughts,Between 25% to 50%,Yes,3,3,Yes,Less than 25%
339,0-2 years,12-18 years,Less than 25%,Suicidal Thoughts,Between 25% to 50%,No,4,4,Yes,Between 50% to 75%
340,0-2 years,25-35 years,Between 25 to 50%,Anger Issues,Less than 25%,Maybe,3,1,Yes,More than 75%
341,0-2 years,12-18 years,Between 25 to 50%,Relationship Issue,Less than 25%,No,3,4,Yes,More than 75%
342,0-2 years,More than 50 years,Between 50 to 75%,Bipolar Disorder,More than 75%,No,2,1,Yes,Between 25% to 50%
343,More than 10 years,More than 50 years,Between 50 to 75%,Anger Issues,Less than 25%,Maybe,1,3,Yes,Between 50% to 75%
344,More than 10 years,35-50 years,More than 75%,Anxiety,More than 75%,No,2,4,Yes,Less than 25%
345,More than 10 years,More than 50 years,Between 50 to 75%,Bipolar Disorder,Between 50% to 75%,Yes,4,4,No,Between 50% to 75%
346,2-5 years,18-25 years,Between 25 to 50%,Suicidal Thoughts,Between 25% to 50%,Yes,1,2,Yes,Less than 25%
347,2-5 years,18-25 years,Between 25 to 50%,Suicidal Thoughts,Between 25% to 50%,No,2,1,Yes,Between 25% to 50%
348,More than 10 years,More than 50 years,Between 50 to 75%,Suicidal Thoughts,Less than 25%,Maybe,1,4,No,More than 75%
349,5-10 years,25-35 years,More than 75%,Suicidal Thoughts,Between 25% to 50%,Yes,2,4,No,More than 75%
350,5-10 years,35-50 years,Between 50 to 75%,Suicidal Thoughts,Between 50% to 75%,Maybe,4,4,Yes,Between 25% to 50%
351,2-5 years,35-50 years,Between 25 to 50%,Bipolar Disorder,Less than 25%,Maybe,2,4,No,Between 50% to 75%
352,2-5 years,35-50 years,Less than 25%,Stress Issues,More than 75%,No,4,1,Yes,Between 50% to 75%
353,2-5 years,18-25 years,Less than 25%,Anxiety,Between 50% to 75%,Yes,4,3,No,Between 50% to 75%
354,5-10 years,12-18 years,More than 75%,Relationship Issue,More than 75%,Yes,2,3,No,More than 75%
355,More than 10 years,18-25 years,Between 50 to 75%,Stress Issues,Between 50% to 75%,Maybe,3,1,No,Between 50% to 75%
356,More than 10 years,25-35 years,Between 25 to 50%,Anxiety,Less than 25%,Yes,4,4,Yes,More than 75%
357,5-10 years,25-35 years,More than 75%,Bipolar Disorder,More than 75%,No,3,3,Yes,Between 50% to 75%
358,5-10 years,12-18 years,Between 25 to 50%,Alcohol and Drug Addicts,Less than 25%,Yes,1,2,Yes,Between 50% to 75%
359,5-10 years,25-35 years,Between 25 to 50%,Bipolar Disorder,More than 75%,Maybe,3,3,No,Between 25% to 50%
360,5-10 years,12-18 years,Between 25 to 50%,Anger Issues,More than 75%,Yes,1,2,No,Less than 25%
361,0-2 years,35-50 years,Between 25 to 50%,Relationship Issue,Between 25% to 50%,Yes,4,3,Yes,Between 25% to 50%
362,2-5 years,18-25 years,Between 50 to 75%,Anxiety,Between 25% to 50%,Yes,3,2,No,More than 75%
363,0-2 years,25-35 years,More than 75%,Bipolar Disorder,More than 75%,No,4,4,No,Between 25% to 50%
364,5-10 years,12-18 years,Between 25 to 50%,Bipolar Disorder,Less than 25%,Yes,4,3,No,More than 75%
365,2-5 years,12-18 years,Less than 25%,Suicidal Thoughts,Between 25% to 50%,Maybe,4,2,Yes,Less than 25%
366,More than 10 years,25-35 years,Between 25 to 50%,Bipolar Disorder,More than 75%,No,1,2,No,More than 75%
367,5-10 years,More than 50 years,Less than 25%,Relationship Issue,More than 75%,No,2,1,No,Between 25% to 50%
368,5-10 years,More than 50 years,More than 75%,Bipolar Disorder,Less than 25%,Maybe,2,3,No,Less than 25%
369,0-2 years,25-35 years,Less than 25%,Anger Issues,Between 25% to 50%,Maybe,4,4,No,Between 50% to 75%
370,5-10 years,35-50 years,Between 25 to 50%,Relationship Issue,Between 25% to 50%,Yes,1,4,No,Between 50% to 75%
371,More than 10 years,More than 50 years,Less than 25%,Relationship Issue,Between 50% to 75%,Yes,3,1,No,Less than 25%
372,5-10 years,35-50 years,More than 75%,Anxiety,Between 50% to 75%,No,3,2,Yes,Between 25% to 50%
373,5-10 years,18-25 years,Less than 25%,Suicidal Thoughts,Between 50% to 75%,Maybe,3,4,Yes,Between 25% to 50%
374,2-5 years,18-25 years,Between 50 to 75%,Anger Issues,Between 50% to 75%,No,1,1,Yes,Between 50% to 75%
375,2-5 years,25-35 years,Between 50 to 75%,Bipolar Disorder,Less than 25%,Maybe,2,3,Yes,Between 25% to 50%
376,5-10 years,18-25 years,Between 50 to 75%,Suicidal Thoughts,Between 25% to 50%,Maybe,1,3,Yes,Between 25% to 50%
377,2-5 years,More than 50 years,More than 75%,Relationship Issue,Between 25% to 50%,Maybe,4,3,Yes,Between 50% to 75%
378,5-10 years,25-35 years,Less than 25%,Alcohol and Drug Addicts,More than 75%,No,1,4,Yes,Between 50% to 75%
379,More than 10 years,18-25 years,Less than 25%,Stress Issues,Between 25% to 50%,Yes,4,2,No,More than 75%
380,5-10 years,18-25 years,Between 50 to 75%,Anxiety,More than 75%,Yes,2,2,No,More than 75%
381,5-10 years,25-35 years,More than 75%,Stress Issues,More than 75%,Maybe,4,1,Yes,Between 50% to 75%
382,5-10 years,35-50 years,Less than 25%,Suicidal Thoughts,Between 25% to 50%,Maybe,3,3,No,Less than 25%
383,5-10 years,12-18 years,Between 25 to 50%,Alcohol and Drug Addicts,Between 50% to 75%,Maybe,3,2,No,Less than 25%
384,5-10 years,18-25 years,More than 75%,Anxiety,More than 75%,Maybe,4,2,No,Between 25% to 50%
385,2-5 years,35-50 years,More than 75%,Stress Issues,Between 25% to 50%,Yes,3,4,No,More than 75%
386,2-5 years,12-18 years,Between 25 to 50%,Bipolar Disorder,Between 50% to 75%,Yes,4,3,Yes,More than 75%
387,2-5 years,25-35 years,More than 75%,Stress Issues,More than 75%,Yes,2,2,Yes,Less than 25%
388,2-5 years,35-50 years,Between 25 to 50%,Bipolar Disorder,Less than 25%,Maybe,4,2,Yes,Between 50% to 75%
389,5-10 years,18-25 years,Between 50 to 75%,Anger Issues,More than 75%,Maybe,4,1,No,More than 75%
390,2-5 years,12-18 years,Between 25 to 50%,Anger Issues,More than 75%,No,4,3,Yes,Between 25% to 50%
391,5-10 years,12-18 years,Between 50 to 75%,Depression,Less than 25%,No,2,4,Yes,More than 75%
392,2-5 years,18-25 years,Between 50 to 75%,Relationship Issue,Between 50% to 75%,No,3,4,No,Less than 25%
393,5-10 years,35-50 years,Between 50 to 75%,Anger Issues,Less than 25%,Maybe,4,4,Yes,Between 25% to 50%
394,2-5 years,12-18 years,Between 50 to 75%,Relationship Issue,Between 50% to 75%,No,3,4,Yes,Between 50% to 75%
395,More than 10 years,More than 50 years,More than 75%,Depression,Between 25% to 50%,No,3,2,No,Between 25% to 50%
396,More than 10 years,35-50 years,More than 75%,Stress Issues,More than 75%,Yes,3,1,No,Between 50% to 75%
397,2-5 years,35-50 years,Between 50 to 75%,Depression,Less than 25%,Maybe,2,4,No,Between 25% to 50%
398,0-2 years,12-18 years,More than 75%,Alcohol and Drug Addicts,Between 50% to 75%,Yes,4,2,No,More than 75%
399,5-10 years,18-25 years,Between 50 to 75%,Stress Issues,Between 25% to 50%,Maybe,3,3,Yes,Less than 25%
400,2-5 years,More than 50 years,Between 50 to 75%,Depression,Between 50% to 75%,Yes,3,1,Yes,Less than 25%
401,More than 10 years,More than 50 years,Between 25 to 50%,Depression,Less than 25%,No,3,1,Yes,Between 25% to 50%
402,5-10 years,18-25 years,Between 25 to 50%,Alcohol and Drug Addicts,Between 25% to 50%,No,3,3,Yes,More than 75%
403,2-5 years,25-35 years,Between 50 to 75%,Stress Issues,Less than 25%,No,2,3,Yes,More than 75%
404,0-2 years,35-50 years,Less than 25%,Alcohol and Drug Addicts,More than 75%,Yes,3,1,Yes,Between 25% to 50%
405,2-5 years,12-18 years,Between 25 to 50%,Alcohol and Drug Addicts,Between 50% to 75%,Maybe,1,3,No,Between 50% to 75%
406,0-2 years,12-18 years,Between 25 to 50%,Relationship Issue,Between 25% to 50%,Yes,2,3,No,Between 25% to 50%
407,0-2 years,35-50 years,More than 75%,Depression,Between 50% to 75%,No,3,1,No,Between 50% to 75%
408,5-10 years,More than 50 years,More than 75%,Anger Issues,Between 50% to 75%,Maybe,4,1,Yes,Less than 25%
409,0-2 years,More than 50 years,Between 25 to 50%,Bipolar Disorder,Less than 25%,Maybe,1,2,No,Between 25% to 50%
410,2-5 years,35-50 years,Less than 25%,Relationship Issue,More than 75%,Yes,2,3,Yes,More than 75%
411,2-5 years,35-50 years,Less than 25%,Alcohol and Drug Addicts,Between 50% to 75%,Yes,3,3,Yes,Between 25% to 50%
412,More than 10 years,25-35 years,Less than 25%,Relationship Issue,More than 75%,Yes,1,2,Yes,Between 25% to 50%
413,2-5 years,More than 50 years,More than 75%,Suicidal Thoughts,Between 50% to 75%,Yes,1,3,No,Between 25% to 50%
414,0-2 years,18-25 years,More than 75%,Stress Issues,Between 25% to 50%,Maybe,1,3,No,Less than 25%
415,0-2 years,12-18 years,Between 50 to 75%,Depression,Between 25% to 50%,Yes,3,1,No,Less than 25%
416,5-10 years,25-35 years,Between 50 to 75%,Bipolar Disorder,Between 50% to 75%,No,3,2,Yes,More than 75%
417,5-10 years,More than 50 years,More than 75%,Stress Issues,Less than 25%,Maybe,3,4,Yes,More than 75%
418,5-10 years,35-50 years,Between 25 to 50%,Anxiety,Less than 25%,No,2,2,No,Between 50% to 75%
419,More than 10 years,25-35 years,Less than 25%,Depression,Less than 25%,No,1,4,Yes,Between 25% to 50%
420,0-2 years,More than 50 years,Less than 25%,Anxiety,More than 75%,No,2,4,Yes,More than 75%
421,0-2 years,18-25 years,Between 50 to 75%,Relationship Issue,Between 50% to 75%,Yes,1,2,No,Less than 25%
422,5-10 years,18-25 years,Between 25 to 50%,Bipolar Disorder,Between 25% to 50%,Maybe,1,3,No,More than 75%
423,2-5 years,18-25 years,Less than 25%,Bipolar Disorder,Between 25% to 50%,Yes,2,2,Yes,Between 50% to 75%
424,5-10 years,25-35 years,Less than 25%,Relationship Issue,Between 25% to 50%,No,2,2,No,Between 25% to 50%
425,5-10 years,12-18 years,Between 50 to 75%,Anxiety,Less than 25%,Yes,1,4,No,Less than 25%
426,5-10 years,12-18 years,Between 25 to 50%,Relationship Issue,Between 50% to 75%,No,1,4,Yes,More than 75%
427,5-10 years,35-50 years,Between 25 to 50%,Anxiety,Less than 25%,No,3,3,Yes,Less than 25%
428,0-2 years,18-25 years,Less than 25%,Bipolar Disorder,Less than 25%,Yes,4,3,No,Less than 25%
429,More than 10 years,18-25 years,More than 75%,Bipolar Disorder,Between 50% to 75%,Yes,4,4,No,Between 50% to 75%
430,5-10 years,12-18 years,Between 25 to 50%,Anxiety,Between 50% to 75%,Yes,3,1,No,Less than 25%
431,0-2 years,35-50 years,Less than 25%,Anxiety,Less than 25%,No,2,3,Yes,More than 75%
432,2-5 years,12-18 years,More than 75%,Bipolar Disorder,Between 25% to 50%,No,4,1,No,More than 75%
433,2-5 years,12-18 years,Between 25 to 50%,Suicidal Thoughts,Between 25% to 50%,Maybe,4,4,Yes,Between 50% to 75%
434,2-5 years,35-50 years,Between 50 to 75%,Stress Issues,Between 50% to 75%,No,2,4,Yes,Between 50% to 75%
435,0-2 years,18-25 years,More than 75%,Depression,More than 75%,Maybe,4,4,No,More than 75%
436,0-2 years,35-50 years,Less than 25%,Depression,Between 50% to 75%,No,3,3,No,Between 25% to 50%
437,5-10 years,More than 50 years,Less than 25%,Anger Issues,Between 50% to 75%,Maybe,1,4,No,More than 75%
438,More than 10 years,35-50 years,Between 25 to 50%,Bipolar Disorder,Between 25% to 50%,No,1,4,No,Between 50% to 75%
439,5-10 years,More than 50 years,More than 75%,Alcohol and Drug Addicts,Less than 25%,Yes,3,4,Yes,Less than 25%
440,2-5 years,35-50 years,More than 75%,Anger Issues,Less than 25%,Yes,1,2,Yes,Between 50% to 75%
441,2-5 years,35-50 years,Between 25 to 50%,Relationship Issue,More than 75%,No,3,3,Yes,Less than 25%
442,5-10 years,12-18 years,Between 25 to 50%,Alcohol and Drug Addicts,More than 75%,Maybe,1,1,No,Less than 25%
443,5-10 years,18-25 years,More than 75%,Anger Issues,Between 25% to 50%,Yes,1,4,Yes,Between 25% to 50%
444,5-10 years,25-35 years,Between 25 to 50%,Alcohol and Drug Addicts,Less than 25%,Maybe,4,1,Yes,Less than 25%
445,5-10 years,12-18 years,Less than 25%,Anger Issues,Between 25% to 50%,Yes,2,1,Yes,Between 25% to 50%
446,5-10 years,35-50 years,Between 50 to 75%,Bipolar Disorder,Less than 25%,Maybe,2,4,No,More than 75%
447,2-5 years,35-50 years,Less than 25%,Anxiety,Between 25% to 50%,Yes,3,2,Yes,Between 25% to 50%
448,2-5 years,35-50 years,Less than 25%,Anxiety,Between 25% to 50%,Maybe,1,3,Yes,More than 75%
449,2-5 years,12-18 years,Less than 25%,Suicidal Thoughts,Between 25% to 50%,No,3,4,Yes,Less than 25%
450,0-2 years,25-35 years,More than 75%,Anxiety,Between 50% to 75%,Maybe,2,4,Yes,More than 75%
451,0-2 years,18-25 years,More than 75%,Relationship Issue,Between 50% to 75%,Maybe,4,1,Yes,More than 75%
452,0-2 years,12-18 years,Between 25 to 50%,Stress Issues,Between 50% to 75%,Maybe,1,1,No,More than 75%
453,More than 10 years,35-50 years,Less than 25%,Depression,Between 25% to 50%,Maybe,1,4,No,Less than 25%
454,2-5 years,12-18 years,More than 75%,Depression,Between 50% to 75%,Yes,3,4,No,More than 75%
455,5-10 years,More than 50 years,Between 25 to 50%,Relationship Issue,Between 25% to 50%,No,3,2,Yes,More than 75%
456,More than 10 years,25-35 years,Between 25 to 50%,Alcohol and Drug Addicts,Between 50% to 75%,No,2,4,Yes,More than 75%
457,2-5 years,25-35 years,Between 25 to 50%,Relationship Issue,Less than 25%,No,3,1,Yes,Between 25% to 50%
458,0-2 years,25-35 years,Between 25 to 50%,Relationship Issue,Between 50% to 75%,Yes,2,3,Yes,Less than 25%
459,5-10 years,18-25 years,Less than 25%,Anxiety,Between 25% to 50%,Maybe,3,1,Yes,Between 25% to 50%
460,5-10 years,25-35 years,Between 50 to 75%,Alcohol and Drug Addicts,Less than 25%,Yes,2,4,Yes,Between 25% to 50%
461,0-2 years,35-50 years,Less than 25%,Anger Issues,Less than 25%,No,1,4,No,Less than 25%
462,More than 10 years,12-18 years,More than 75%,Anxiety,Between 25% to 50%,Yes,3,4,Yes,Less than 25%
463,0-2 years,More than 50 years,Between 25 to 50%,Alcohol and Drug Addicts,Between 50% to 75%,Maybe,4,1,No,Between 50% to 75%
464,2-5 years,18-25 years,More than 75%,Depression,Less than 25%,Maybe,2,2,Yes,More than 75%
465,2-5 years,25-35 years,Between 25 to 50%,Anger Issues,Between 25% to 50%,Yes,4,3,No,Less than 25%
466,5-10 years,12-18 years,Between 25 to 50%,Suicidal Thoughts,Between 25% to 50%,Maybe,3,3,Yes,Between 25% to 50%
467,5-10 years,35-50 years,Between 25 to 50%,Stress Issues,Less than 25%,Maybe,3,3,No,More than 75%
468,5-10 years,35-50 years,More than 75%,Anger Issues,Less than 25%,No,1,4,No,More than 75%
469,2-5 years,18-25 years,Between 50 to 75%,Depression,Between 25% to 50%,Yes,2,2,Yes,Less than 25%
470,More than 10 years,35-50 years,More than 75%,Suicidal Thoughts,Less than 25%,Maybe,2,3,No,Between 25% to 50%
471,0-2 years,35-50 years,More than 75%,Stress Issues,Less than 25%,No,2,2,No,Less than 25%
472,More than 10 years,More than 50 years,Between 25 to 50%,Anxiety,Less than 25%,Maybe,2,3,No,Between 25% to 50%
473,2-5 years,35-50 years,Less than 25%,Alcohol and Drug Addicts,Between 50% to 75%,Maybe,3,4,Yes,More than 75%
474,0-2 years,More than 50 years,Between 25 to 50%,Depression,Less than 25%,Yes,1,4,Yes,Less than 25%
475,2-5 years,18-25 years,Between 25 to 50%,Bipolar Disorder,Less than 25%,Maybe,2,4,No,More than 75%
476,5-10 years,More than 50 years,Less than 25%,Depression,More than 75%,Maybe,4,1,Yes,Less than 25%
477,More than 10 years,35-50 years,More than 75%,Suicidal Thoughts,Between 25% to 50%,Maybe,2,2,No,Less than 25%
478,2-5 years,More than 50 years,More than 75%,Anger Issues,Between 50% to 75%,Maybe,1,1,No,More than 75%
479,2-5 years,12-18 years,Less than 25%,Anxiety,Less than 25%,No,3,2,Yes,More than 75%
480,5-10 years,More than 50 years,Between 50 to 75%,Anger Issues,Between 50% to 75%,Yes,4,1,No,Between 25% to 50%
481,5-10 years,12-18 years,Between 25 to 50%,Relationship Issue,Between 25% to 50%,Maybe,1,3,No,Between 25% to 50%
482,2-5 years,12-18 years,Between 50 to 75%,Bipolar Disorder,Less than 25%,No,4,4,Yes,Less than 25%
483,More than 10 years,25-35 years,Between 25 to 50%,Relationship Issue,Less than 25%,Maybe,3,2,No,Between 50% to 75%
484,5-10 years,35-50 years,Less than 25%,Alcohol and Drug Addicts,Between 50% to 75%,Maybe,3,2,No,More than 75%
485,2-5 years,25-35 years,Between 50 to 75%,Depression,Less than 25%,No,1,2,No,Between 50% to 75%
486,5-10 years,More than 50 years,Between 25 to 50%,Relationship Issue,Between 50% to 75%,No,3,2,Yes,Less than 25%
487,2-5 years,More than 50 years,Less than 25%,Suicidal Thoughts,More than 75%,Yes,1,2,Yes,More than 75%
488,0-2 years,More than 50 years,Less than 25%,Alcohol and Drug Addicts,More than 75%,No,1,2,Yes,More than 75%
489,More than 10 years,12-18 years,Between 50 to 75%,Depression,More than 75%,Maybe,4,1,Yes,Less than 25%
490,0-2 years,35-50 years,More than 75%,Relationship Issue,More than 75%,Maybe,1,1,No,More than 75%
491,5-10 years,More than 50 years,Less than 25%,Depression,Between 25% to 50%,Yes,4,1,No,Between 25% to 50%
492,2-5 years,More than 50 years,Less than 25%,Bipolar Disorder,Between 50% to 75%,Yes,1,4,No,Between 50% to 75%
493,2-5 years,18-25 years,Less than 25%,Bipolar Disorder,Between 25% to 50%,Maybe,3,4,Yes,Between 50% to 75%
494,0-2 years,35-50 years,Between 50 to 75%,Anger Issues,Less than 25%,Yes,2,1,Yes,Between 25% to 50%
495,0-2 years,18-25 years,Between 50 to 75%,Depression,Less than 25%,No,2,1,No,Less than 25%
496,0-2 years,18-25 years,Between 25 to 50%,Relationship Issue,Between 50% to 75%,Maybe,3,3,No,Less than 25%
497,5-10 years,25-35 years,Less than 25%,Relationship Issue,Less than 25%,Yes,4,4,No,Between 50% to 75%
498,5-10 years,18-25 years,Between 50 to 75%,Bipolar Disorder,More than 75%,Yes,4,2,No,Less than 25%
499,0-2 years,18-25 years,Between 50 to 75%,Suicidal Thoughts,Less than 25%,Yes,1,2,No,Less than 25%
500,More than 10 years,More than 50 years,Between 25 to 50%,Suicidal Thoughts,Less than 25%,Maybe,2,4,No,Between 25% to 50%
501,0-2 years,18-25 years,Between 25% to 50%,Anxiety,Less than 25%,Maybe,2,1,No,Less than 25%
502,0-2 years,18-25 years,Between 25% to 50%,Suicidal Thoughts,Less than 25%,No,1,3,No,Between 25% to 50%
503,0-2 years,12-18 years,More than 75%,Alcohol and Drug Addicts,Less than 25%,No,1,2,Yes,Between 25% to 50%
